[
    {
        "UpdateStageName": "Spiel lädt runter...",
        "UpdateSourcePlatform": "All",
        "UpdateSource": "SteamCMD",
        "UpdateSourceData": "386070",
        "UpdateSourceArgs": "386070",
        "UpdateSourceVersion": "",
        "UpdateSourceTarget": "",
        "UnzipUpdateSource": false,
        "OverwriteExistingFiles": false,
        "ForceDownloadPlatform": "Windows",
        "UpdateSourceConditionSetting": null,
        "UpdateSourceConditionValue": null,
        "DeleteAfterExtract": true,
        "OneShot": false
    },
    {
        "UpdateStageName": "Server lädt...",
        "UpdateSourcePlatform": "Linux",
        "UpdateSource": "Executable",
        "UpdateSourceData": "",
        "UpdateSourceArgs": "OUTPUT=/srv/pa/output export MINIDUMP_DIRECTORY=$OUTPUT  mkdir -p $OUTPUT  /path/to/server \\ --port 20545 \\ --headless \\ --allow-lan \\ --mt-enabled \\ --max-players 32 \\ --max-spectators 5 \\ --spectators 5 \\ --empty-timeout 5 \\ --replay-filename \"UTCTIMESTAMP\" \\ --replay-timeout 180 \\ --gameover-timeout 360 \\ --server-name \"AtomiServer\" \\ --game-mode \"PAExpansion1:config\" \\ --output-dir $OUTPUT",
        "UpdateSourceVersion": "",
        "UpdateSourceTarget": "",
        "UnzipUpdateSource": false,
        "OverwriteExistingFiles": false,
        "ForceDownloadPlatform": null,
        "UpdateSourceConditionSetting": null,
        "UpdateSourceConditionValue": null,
        "DeleteAfterExtract": true,
        "OneShot": false
    }
]