[
    {
        "Protocol": "Both",
        "Port": "20545",
        "Name": "Main Game Port",
        "Description": "Port used for main game traffic",
        "Ref": "GamePort1"
    },
    {
        "Protocol": "Both",
        "Port": "20545",
        "Name": "Steam Query Port",
        "Description": "Port used for main game traffic",
        "Ref": "SteamQueryPort"
    },
    {
        "Protocol": "Both",
        "Port": "20545",
        "Name": "Remote Admin Port",
        "Description": "Port used for main game traffic",
        "Ref": "RemoteAdminPort"
    }
]